sport,总准确率,平均准确率,样本量,记录个数
BikingOutSide,0.9402799120728823,0.9458074952817471,3709,197
BriskWalkOutSide,0.9107910966916317,0.9185761047463176,4888,211
EllipticalMachine,0.9921259842519685,0.9913696060037523,2665,127
BriskWalkInDoor,0.8825038661387345,0.8875278396436526,1796,88
SubwayTaking,0.8538682135555704,0.8764568764568764,429,17
RowingMachine,1.0,1.0,937,75
RuningInDoor,0.9617340452580727,0.9616419919246298,1486,72
